Publication Date,Type,Notice type,Earliest publish date,Edition,Notice ID,Notice timeline,Notice code
6 March 2024,Corporate Insolvency,Resolutions for Winding Up,6 March 2024,The London Gazette,4571690,09557800,2441
7 March 2024,Corporate Insolvency,Resolutions for Winding Up,7 March 2024,The London Gazette,4571967,10576708,2441
7 March 2024,Corporate Insolvency,Resolutions for Winding Up,7 March 2024,The London Gazette,4571964,06870450,2441
7 March 2024,Corporate Insolvency,Appointment of Liquidators,7 March 2024,The London Gazette,4571962,9118040
7 March 2024,Corporate Insolvency,Resolutions for Winding Up,7 March 2024,The London Gazette,4571963,09118040,2441
7 March 2024,Corporate Insolvency,Appointment of Liquidators,7 March 2024,The London Gazette,4571966,10576708
7 March 2024,Corporate Insolvency,Resolutions for Winding Up,7 March 2024,The London Gazette,4571968,09814845,2441
7 March 2024,Corporate Insolvency,Appointment of Liquidators,7 March 2024,The London Gazette,4571969,09814845
